{
  "view/View1.view.xml": 1602573207655,
  "model/models.js": 1602573207655,
  "manifest.json": 1602574065734,
  "controller/View1.controller.js": 1602573207651,
  "Component.js": 1602573207651,
  "manifest-bundle.zip": 1602574065514,
  "Component-preload.js": 1602574065707,
  "model/models-dbg.js": 1602573207655,
  "controller/View1-dbg.controller.js": 1602573207651,
  "Component-dbg.js": 1602573207651,
  "resources.json": 1602574065737,
  "i18n/i18n.properties": 1602573207655,
  "css/style.css": 1602573207655,
  "index.html": 1602573207651
}